{"cameraMode":{"drawMode":0,"name":"Shaded","section":"Shading Mode"},"sceneLighting":true,"audioPlay":false,"sceneViewState":{"showFog":true,"showMaterialUpdate":false,"showSkybox":false,"showFlares":true,"showImageEffects":true,"showParticleSystems":true},"in2DMode":false,"pivot":{"x":0.0,"y":0.3494499921798706,"z":0.11601568758487702},"rotation":{"x":-0.06894367933273316,"y":0.0077768005430698399,"z":0.0005365316173993051,"w":0.9975931644439697},"size":0.6773609519004822,"orthographic":false}