{"cameraMode":{"drawMode":0,"name":"Shaded","section":"Shading Mode"},"sceneLighting":true,"audioPlay":false,"sceneViewState":{"showFog":true,"showMaterialUpdate":false,"showSkybox":true,"showFlares":true,"showImageEffects":true,"showParticleSystems":true},"in2DMode":false,"pivot":{"x":-0.005767315626144409,"y":0.3494499921798706,"z":0.02437049150466919},"rotation":{"x":0.03273502737283707,"y":-0.9556047916412354,"z":-0.11637995392084122,"w":-0.26880431175231936},"size":0.4460082948207855,"orthographic":true}