{"cameraMode":{"drawMode":0,"name":"Shaded","section":"Shading Mode"},"sceneLighting":true,"audioPlay":false,"sceneViewState":{"showFog":true,"showMaterialUpdate":false,"showSkybox":false,"showFlares":true,"showImageEffects":true,"showParticleSystems":true},"in2DMode":false,"pivot":{"x":0.0,"y":0.03667522966861725,"z":0.5289999842643738},"rotation":{"x":0.015101440250873566,"y":-0.9796420335769653,"z":0.1831446886062622,"w":0.08131404221057892},"size":0.8209173083305359,"orthographic":false}