{"cameraMode":{"drawMode":0,"name":"Shaded","section":"Shading Mode"},"sceneLighting":true,"audioPlay":false,"sceneViewState":{"showFog":true,"showMaterialUpdate":false,"showSkybox":true,"showFlares":true,"showImageEffects":true,"showParticleSystems":true},"in2DMode":false,"pivot":{"x":368.9878845214844,"y":82.65990447998047,"z":-38.10874557495117},"rotation":{"x":-0.10330335795879364,"y":0.015213456004858017,"z":0.0015802067937329412,"w":0.9945330023765564},"size":906.4082641601563,"orthographic":false}