{"cameraMode":{"drawMode":0,"name":"Shaded","section":"Shading Mode"},"sceneLighting":true,"audioPlay":false,"sceneViewState":{"showFog":true,"showMaterialUpdate":false,"showSkybox":false,"showFlares":true,"showImageEffects":true,"showParticleSystems":true},"in2DMode":false,"pivot":{"x":0.0,"y":0.3494499921798706,"z":0.11601568758487702},"rotation":{"x":0.058150630444288257,"y":-0.8957807421684265,"z":0.12337063252925873,"w":0.42315205931663515},"size":0.6773609519004822,"orthographic":false}