{"cameraMode":{"drawMode":0,"name":"Shaded","section":"Shading Mode"},"sceneLighting":true,"audioPlay":false,"sceneViewState":{"showFog":true,"showMaterialUpdate":false,"showSkybox":true,"showFlares":true,"showImageEffects":true,"showParticleSystems":true},"in2DMode":false,"pivot":{"x":432.82135009765627,"y":647.6630859375,"z":2.8932266235351564},"rotation":{"x":-0.10480740666389466,"y":-0.002689555985853076,"z":-0.0002846987044904381,"w":0.9944922924041748},"size":639.22607421875,"orthographic":false}