{"cameraMode":{"drawMode":0,"name":"Shaded","section":"Shading Mode"},"sceneLighting":true,"audioPlay":false,"sceneViewState":{"showFog":true,"showMaterialUpdate":false,"showSkybox":false,"showFlares":true,"showImageEffects":true,"showParticleSystems":true},"in2DMode":false,"pivot":{"x":0.0,"y":0.03667522966861725,"z":0.5289999842643738},"rotation":{"x":-0.0007097264751791954,"y":-0.9894198179244995,"z":0.1452971249818802,"w":-0.004145414102822542},"size":0.8209173083305359,"orthographic":false}