{"cameraMode":{"drawMode":0,"name":"Shaded","section":"Shading Mode"},"sceneLighting":true,"audioPlay":false,"sceneViewState":{"showFog":true,"showMaterialUpdate":false,"showSkybox":true,"showFlares":true,"showImageEffects":true,"showParticleSystems":true},"in2DMode":false,"pivot":{"x":96.81970977783203,"y":-858.5714111328125,"z":0.051266323775053027},"rotation":{"x":0.1597735732793808,"y":-0.4137990474700928,"z":0.07400910556316376,"w":0.8932040333747864},"size":3499.07421875,"orthographic":true}