{"cameraMode":{"drawMode":0,"name":"Shaded","section":"Shading Mode"},"sceneLighting":true,"audioPlay":false,"sceneViewState":{"showFog":true,"showMaterialUpdate":false,"showSkybox":true,"showFlares":true,"showImageEffects":true,"showParticleSystems":true},"in2DMode":false,"pivot":{"x":391.8555908203125,"y":854.10791015625,"z":40.69561004638672},"rotation":{"x":-0.04048899561166763,"y":0.0002956496027763933,"z":0.000011940519470954314,"w":0.999180257320404},"size":1042.0665283203125,"orthographic":false}