{"cameraMode":{"drawMode":0,"name":"Shaded","section":"Shading Mode"},"sceneLighting":false,"audioPlay":false,"sceneViewState":{"showFog":true,"showMaterialUpdate":false,"showSkybox":false,"showFlares":true,"showImageEffects":true,"showParticleSystems":true},"in2DMode":false,"pivot":{"x":-0.005767315626144409,"y":0.3494499921798706,"z":0.02437049150466919},"rotation":{"x":-0.1642141044139862,"y":0.7754458785057068,"z":-0.2246616631746292,"w":-0.5667961239814758},"size":1.804029941558838,"orthographic":false}