{"cameraMode":{"drawMode":0,"name":"Shaded","section":"Shading Mode"},"sceneLighting":true,"audioPlay":false,"sceneViewState":{"showFog":true,"showMaterialUpdate":false,"showSkybox":false,"showFlares":true,"showImageEffects":true,"showParticleSystems":true},"in2DMode":false,"pivot":{"x":0.11325526237487793,"y":1.2919219732284547,"z":0.7068514823913574},"rotation":{"x":0.02658630907535553,"y":-0.9363260269165039,"z":-0.07291996479034424,"w":-0.3425401449203491},"size":1.5040295124053956,"orthographic":false}