{"cameraMode":{"drawMode":0,"name":"Shaded","section":"Shading Mode"},"sceneLighting":true,"audioPlay":false,"sceneViewState":{"showFog":true,"showMaterialUpdate":false,"showSkybox":false,"showFlares":true,"showImageEffects":true,"showParticleSystems":true},"in2DMode":false,"pivot":{"x":0.6531817317008972,"y":1.052420973777771,"z":1.26240873336792},"rotation":{"x":-0.0955711305141449,"y":-0.6837069392204285,"z":0.09094403684139252,"w":-0.7177678942680359},"size":1.8040294647216797,"orthographic":false}