{"cameraMode":{"drawMode":0,"name":"Shaded","section":"Shading Mode"},"sceneLighting":false,"audioPlay":false,"sceneViewState":{"showFog":true,"showMaterialUpdate":false,"showSkybox":false,"showFlares":true,"showImageEffects":true,"showParticleSystems":true},"in2DMode":false,"pivot":{"x":4.1440324783325199,"y":3.3475043773651125,"z":-0.5628676414489746},"rotation":{"x":0.008801260031759739,"y":0.963251531124115,"z":0.03179891034960747,"w":-0.26658743619918826},"size":6.2360124588012699,"orthographic":false}