{"cameraMode":{"drawMode":0,"name":"Shaded","section":"Shading Mode"},"sceneLighting":true,"audioPlay":false,"sceneViewState":{"showFog":true,"showMaterialUpdate":false,"showSkybox":true,"showFlares":true,"showImageEffects":true,"showParticleSystems":true},"in2DMode":false,"pivot":{"x":457.99066162109377,"y":1098.5633544921875,"z":-29.482505798339845},"rotation":{"x":-0.025497617200016977,"y":0.00029535655630752444,"z":0.000006278497039602371,"w":0.9996784329414368},"size":783.302490234375,"orthographic":false}