{"cameraMode":{"drawMode":0,"name":"Shaded","section":"Shading Mode"},"sceneLighting":false,"audioPlay":false,"sceneViewState":{"showFog":true,"showMaterialUpdate":false,"showSkybox":false,"showFlares":true,"showImageEffects":true,"showParticleSystems":true},"in2DMode":false,"pivot":{"x":4.1440324783325199,"y":3.3475043773651125,"z":-0.5628676414489746},"rotation":{"x":-0.022085867822170259,"y":0.9686164259910584,"z":-0.0932736024260521,"w":-0.22935056686401368},"size":1.7360113859176636,"orthographic":false}