{"cameraMode":{"drawMode":0,"name":"Shaded","section":"Shading Mode"},"sceneLighting":false,"audioPlay":false,"sceneViewState":{"showFog":true,"showMaterialUpdate":false,"showSkybox":false,"showFlares":true,"showImageEffects":true,"showParticleSystems":true},"in2DMode":false,"pivot":{"x":4.1440324783325199,"y":3.3475043773651125,"z":-0.5628676414489746},"rotation":{"x":0.0011380765354260803,"y":0.997489869594574,"z":-0.06893595308065415,"w":0.016460338607430459},"size":1.7360113859176636,"orthographic":false}