{"cameraMode":{"drawMode":0,"name":"Shaded","section":"Shading Mode"},"sceneLighting":false,"audioPlay":false,"sceneViewState":{"showFog":true,"showMaterialUpdate":false,"showSkybox":false,"showFlares":true,"showImageEffects":true,"showParticleSystems":true},"in2DMode":false,"pivot":{"x":0.08924579620361328,"y":-0.05792376399040222,"z":0.3651909828186035},"rotation":{"x":-0.17674462497234345,"y":0.3560573160648346,"z":-0.06877581030130387,"w":-0.9150179624557495},"size":10.0,"orthographic":false}