{"cameraMode":{"drawMode":0,"name":"Shaded","section":"Shading Mode"},"sceneLighting":true,"audioPlay":false,"sceneViewState":{"showFog":true,"showMaterialUpdate":false,"showSkybox":true,"showFlares":true,"showImageEffects":true,"showParticleSystems":true},"in2DMode":false,"pivot":{"x":273.5494384765625,"y":916.991455078125,"z":211.38909912109376},"rotation":{"x":-0.013499707914888859,"y":0.0002956226235255599,"z":0.0000038690714063704949,"w":0.9999094009399414},"size":1030.0518798828125,"orthographic":false}