{"cameraMode":{"drawMode":0,"name":"Shaded","section":"Shading Mode"},"sceneLighting":true,"audioPlay":false,"sceneViewState":{"showFog":true,"showMaterialUpdate":false,"showSkybox":false,"showFlares":true,"showImageEffects":true,"showParticleSystems":true},"in2DMode":false,"pivot":{"x":-0.005767315626144409,"y":0.4264500141143799,"z":0.02437049150466919},"rotation":{"x":0.034485556185245517,"y":0.7564710378646851,"z":-0.03996353596448898,"w":0.65191650390625},"size":0.9040295481681824,"orthographic":false}