{"cameraMode":{"drawMode":0,"name":"Shaded","section":"Shading Mode"},"sceneLighting":true,"audioPlay":false,"sceneViewState":{"showFog":true,"showMaterialUpdate":false,"showSkybox":false,"showFlares":true,"showImageEffects":true,"showParticleSystems":true},"in2DMode":false,"pivot":{"x":0.9123246669769287,"y":1.150511622428894,"z":0.285913348197937},"rotation":{"x":-0.006122151855379343,"y":-0.8280149102210999,"z":0.008908592164516449,"w":-0.5606640577316284},"size":2.104029417037964,"orthographic":false}