{"cameraMode":{"drawMode":0,"name":"Shaded","section":"Shading Mode"},"sceneLighting":false,"audioPlay":false,"sceneViewState":{"showFog":true,"showMaterialUpdate":false,"showSkybox":false,"showFlares":true,"showImageEffects":true,"showParticleSystems":true},"in2DMode":false,"pivot":{"x":-149.80514526367188,"y":738.7363891601563,"z":-1955.8055419921875},"rotation":{"x":-0.005028764251619577,"y":-0.9945480823516846,"z":0.08674459904432297,"w":-0.057656727731227878},"size":1.7359756231307984,"orthographic":false}