{"cameraMode":{"drawMode":0,"name":"Shaded","section":"Shading Mode"},"sceneLighting":true,"audioPlay":false,"sceneViewState":{"showFog":true,"showMaterialUpdate":false,"showSkybox":true,"showFlares":true,"showImageEffects":true,"showParticleSystems":true},"in2DMode":false,"pivot":{"x":0.0,"y":0.3494499921798706,"z":0.11601568758487702},"rotation":{"x":0.005160919390618801,"y":-0.5100087523460388,"z":0.0030596654396504165,"w":0.8601504564285278},"size":0.6773609519004822,"orthographic":false}