{"cameraMode":{"drawMode":0,"name":"Shaded","section":"Shading Mode"},"sceneLighting":false,"audioPlay":false,"sceneViewState":{"showFog":true,"showMaterialUpdate":false,"showSkybox":false,"showFlares":true,"showImageEffects":true,"showParticleSystems":true},"in2DMode":false,"pivot":{"x":-0.006927996873855591,"y":0.34932243824005129,"z":0.02494591474533081},"rotation":{"x":0.007444560993462801,"y":-0.8254514932632446,"z":-0.01088752318173647,"w":-0.5643662810325623},"size":0.6040300130844116,"orthographic":true}